score,label,label_snapshot_date
0.22854656907221024,0,2023-11-01
0.34280521090873556,1,2023-08-01
0.7104571353469595,1,2023-09-01
0.19198593435802128,0,2023-07-01
0.49465680625765507,1,2023-08-01
0.2519805677707384,0,2023-10-01
0.10314545807861332,0,2023-08-01
0.2066209778489831,0,2023-07-01
0.49705018823603553,0,2023-10-01
0.324706024249083,0,2023-09-01
0.1456658167603849,0,2023-09-01
0.1984054870398938,0,2023-10-01
0.20216486146906867,0,2023-10-01
0.6276741094222661,0,2023-08-01
0.4358062067911909,1,2023-07-01
0.3160009907006936,1,2023-11-01
0.5439770632329967,0,2023-09-01
0.13355956012848483,0,2023-07-01
0.15137784637659807,0,2023-08-01
0.21294374080400513,1,2023-08-01
0.33004806144625826,0,2023-11-01
0.27427237838476737,1,2023-07-01
0.22035819128755305,0,2023-08-01
0.13764747526883395,0,2023-09-01
0.7129143522150267,1,2023-07-01
0.4871886429231306,0,2023-08-01
0.10609457528506477,0,2023-10-01
0.27120387141020724,1,2023-09-01
0.2030509762451126,0,2023-11-01
0.11837621921405489,0,2023-11-01
0.41191079198748093,0,2023-08-01
0.3851759162122597,1,2023-10-01
0.16676066922161908,0,2023-07-01
0.1890755005043649,0,2023-08-01
0.15979486088450795,1,2023-09-01
0.28215560313612714,0,2023-07-01
0.44610514741818535,0,2023-07-01
0.5029948980495363,0,2023-08-01
0.35976583117331756,0,2023-10-01
0.1962800492621807,0,2023-11-01
0.32072082004719143,0,2023-09-01
0.10842378967505874,0,2023-09-01
0.11261993257895259,0,2023-07-01
0.26979329522233686,0,2023-10-01
0.33901182585577067,0,2023-07-01
0.2259207001188637,0,2023-07-01
0.5597952420097618,0,2023-10-01
0.24417878419166497,0,2023-08-01
0.18919665730921403,0,2023-11-01
0.1960435787527466,0,2023-10-01
0.6163042843374462,1,2023-09-01
0.20198616761655133,0,2023-09-01
0.3335655831925498,0,2023-09-01
0.43177258828096426,1,2023-08-01
0.34787392259629524,0,2023-11-01
0.2069326789200237,0,2023-10-01
0.16494113469584026,1,2023-08-01
0.3020718713360654,1,2023-08-01
0.19960753420688063,1,2023-11-01
0.44387054049710833,1,2023-10-01
0.14263137865701397,1,2023-09-01
0.6700909656699772,1,2023-08-01
0.3410108537689745,0,2023-10-01
0.5623085391539462,1,2023-11-01
0.2694668779477395,0,2023-11-01
0.30565881121563554,0,2023-10-01
0.34865831719055285,1,2023-09-01
0.16653827039871363,0,2023-10-01
0.07990669334806819,0,2023-07-01
0.14035957128008286,0,2023-07-01
0.1363852670866962,0,2023-07-01
0.2902552581248823,0,2023-09-01
0.1522437643220315,0,2023-07-01
0.1465085377273423,0,2023-08-01
0.04382347661236288,0,2023-11-01
0.41416061641694,0,2023-07-01
0.16854298228796427,0,2023-07-01
0.18743007230708855,0,2023-10-01
0.11338948181248308,0,2023-08-01
0.23052008044407238,0,2023-10-01
0.07322656128479897,0,2023-10-01
0.5642460201612233,0,2023-07-01
0.12347453562943692,0,2023-08-01
0.15183375819889605,0,2023-11-01
0.6140505433497355,1,2023-08-01
0.31981667418395343,1,2023-10-01
0.20213070801845212,0,2023-11-01
0.415762170573797,0,2023-07-01
0.2737582688742151,0,2023-09-01
0.18278300284681934,1,2023-11-01
0.3189605220622842,0,2023-11-01
0.16259518770671302,0,2023-10-01
0.14362486633788693,1,2023-08-01
0.17521721941306756,0,2023-09-01
0.5658585490254852,1,2023-09-01
0.8244446358068904,0,2023-08-01
0.1316855901454533,0,2023-10-01
0.2022080182314853,0,2023-10-01
0.6271681616387664,1,2023-09-01
0.20274547727576617,0,2023-11-01
0.46939753269581297,0,2023-10-01
0.4494134118693953,1,2023-09-01
0.27402348089414974,1,2023-11-01
0.18083488234648598,0,2023-07-01
0.7130170566147115,0,2023-09-01
0.39955516946896324,1,2023-10-01
0.17405860940984919,0,2023-10-01
0.09838765423299888,0,2023-09-01
0.2185144708235415,0,2023-07-01
0.8199434822941741,1,2023-09-01
0.38829268412329637,0,2023-11-01
0.19608776401610176,0,2023-08-01
0.24970673772594804,0,2023-10-01
0.28420036603109217,0,2023-08-01
0.0936938503086528,0,2023-11-01
0.38820256519025365,1,2023-10-01
0.09551921169096525,0,2023-09-01
0.4030583957031938,1,2023-11-01
0.14905732190475252,0,2023-07-01
0.15105457363613908,0,2023-11-01
0.6858583447510176,0,2023-07-01
0.7724634714416839,1,2023-11-01
0.16335372063492395,0,2023-08-01
0.45054591089274076,0,2023-10-01
0.31598844656510705,0,2023-09-01
0.5144030659993672,0,2023-11-01
0.28467450489052143,0,2023-08-01
0.1598604218851177,0,2023-08-01
0.10454529372541041,0,2023-08-01
0.6172779427530088,1,2023-09-01
0.40218113616620077,1,2023-10-01
0.4327901892692081,1,2023-10-01
0.10281446505634967,0,2023-11-01
0.31638400271882744,1,2023-10-01
0.25132156514009774,1,2023-07-01
0.17845107517086448,1,2023-08-01
0.26105477414566375,0,2023-10-01
0.13847569864756853,0,2023-08-01
0.29019793352289774,0,2023-09-01
0.35354623875417573,1,2023-07-01
0.2851156445668506,0,2023-07-01
0.44908579146936856,0,2023-08-01
0.20016251101723062,0,2023-10-01
0.39621878903466395,0,2023-10-01
0.15432642241437527,0,2023-07-01
0.39062083196849995,0,2023-07-01
0.12467675622705951,0,2023-07-01
0.31719588141345456,1,2023-10-01
0.6766582703830978,1,2023-11-01
0.22006169627728608,0,2023-09-01
0.3594317459851667,0,2023-07-01
0.3702004059983299,0,2023-09-01
0.23333581148619112,0,2023-09-01
0.11255690770364336,0,2023-09-01
0.29220660062763626,0,2023-09-01
0.28194319617311714,0,2023-09-01
0.7186038767179386,1,2023-07-01
0.2407818168934814,0,2023-09-01
0.3035112313320847,0,2023-11-01
0.5891359277621044,0,2023-08-01
0.16458023186134457,1,2023-07-01
0.144630439262115,0,2023-07-01
0.5047962460603271,0,2023-08-01
0.3236664381779732,1,2023-10-01
0.4105367531613583,0,2023-07-01
0.2788330952684141,1,2023-09-01
0.5138523692563479,0,2023-11-01
0.05832662722205028,0,2023-08-01
0.49484242586210664,0,2023-08-01
0.3236748494705882,0,2023-10-01
0.16652746432392213,0,2023-11-01
0.3530551442098761,0,2023-11-01
0.2415266778037541,0,2023-09-01
0.31893954353189413,0,2023-10-01
0.2106127285399577,0,2023-08-01
0.12772047018283547,1,2023-09-01
0.34201980241822816,1,2023-08-01
0.7437278970320609,0,2023-09-01
0.11671789623616106,0,2023-10-01
0.21237571338903477,0,2023-10-01
0.3663216735561882,0,2023-07-01
0.1411404681360748,0,2023-11-01
0.43369771141273283,0,2023-07-01
0.37248376357767543,1,2023-09-01
0.21753255995512624,0,2023-08-01
0.12026119848680787,0,2023-08-01
0.452591735564944,0,2023-10-01
0.6200146151409651,1,2023-10-01
0.521055789303815,1,2023-10-01
0.41577519398837137,1,2023-11-01
0.19818488615308547,0,2023-08-01
0.10545793722981689,0,2023-11-01
0.254596631063249,0,2023-11-01
0.5735479252089308,1,2023-08-01
0.12485491309255382,0,2023-10-01
0.4480603752009295,1,2023-09-01
0.0962570037555783,0,2023-07-01
0.08495622394948643,0,2023-08-01
0.48531832888289117,1,2023-09-01
0.2953180820473358,0,2023-08-01
0.1883193030706751,0,2023-07-01
0.452488790165767,1,2023-10-01
0.3052847568648014,0,2023-08-01
0.2503847912258585,1,2023-08-01
0.2433090198517546,0,2023-11-01
0.3666992200188474,1,2023-08-01
0.16822525829670995,0,2023-10-01
0.22172670578520515,0,2023-10-01
0.5484421440314228,1,2023-07-01
0.2173575780935627,0,2023-08-01
0.5533854614923096,1,2023-08-01
0.10094096310779793,0,2023-11-01
0.14674115449165556,0,2023-11-01
0.3897325304151952,0,2023-11-01
0.42067935649200855,0,2023-08-01
0.20906678115943492,0,2023-07-01
0.44178420340908536,1,2023-10-01
0.15178502149385298,1,2023-08-01
0.2164207228636067,1,2023-09-01
0.23712972227131146,1,2023-10-01
0.21880775413684808,0,2023-10-01
0.29190375544486363,0,2023-07-01
0.2110133698645496,0,2023-11-01
0.13339965948959828,0,2023-10-01
0.20097085532465334,0,2023-10-01
0.16288323296990947,0,2023-09-01
0.766687613500208,0,2023-10-01
0.5187854117619559,0,2023-07-01
0.5209931123943972,1,2023-07-01
0.13717782876043477,0,2023-09-01
0.20535752004061447,0,2023-09-01
0.16778962395227476,0,2023-08-01
0.44371972319489245,0,2023-11-01
0.26903609366632647,0,2023-09-01
0.17349147356490352,0,2023-08-01
0.08797367229031333,0,2023-08-01
0.3219917840115658,1,2023-08-01
0.3313388022880264,1,2023-08-01
0.544587355098277,1,2023-11-01
0.11702326274243441,0,2023-11-01
0.08016296257069123,0,2023-10-01
0.4246815340155868,0,2023-09-01
0.2996393496679169,0,2023-09-01
0.09534116019842738,0,2023-11-01
0.48711348272558497,0,2023-11-01
0.4237007403037941,0,2023-09-01
0.6050291961413472,1,2023-09-01
0.105172328568556,0,2023-08-01
0.2008603136942448,0,2023-07-01
0.23848332707564993,1,2023-07-01
0.5834918380240769,0,2023-08-01
0.13749112317010193,0,2023-11-01
0.23447957607516337,0,2023-08-01
0.30762514862348095,0,2023-07-01
0.13869024520397796,0,2023-11-01
0.2552622814245703,0,2023-09-01
0.14773130582749688,0,2023-08-01
0.2472828381771294,1,2023-11-01
0.7541424545071402,0,2023-08-01
0.2541813530921534,0,2023-07-01
0.18676689276168124,0,2023-07-01
0.22064508611648143,1,2023-07-01
0.1249259767030546,0,2023-10-01
0.1838429005858604,0,2023-07-01
0.4842784677590222,0,2023-10-01
0.1995121862272561,1,2023-11-01
0.140911122522139,0,2023-08-01
0.13440885403353575,0,2023-10-01
0.17545354070765753,0,2023-10-01
0.2073018363599793,0,2023-10-01
0.20028634773607878,0,2023-10-01
0.2936375590722748,0,2023-09-01
0.20447314845869333,1,2023-10-01
0.1608888520478813,0,2023-07-01
0.462489610559693,0,2023-11-01
0.6436431756744653,1,2023-10-01
0.14988447245554695,0,2023-07-01
0.4889301325620283,0,2023-11-01
0.32504699027543155,1,2023-08-01
0.18366509876304307,0,2023-11-01
0.3461798627124254,1,2023-11-01
0.12566367620442284,0,2023-07-01
0.10085890673143989,0,2023-08-01
0.44867948178391537,0,2023-10-01
0.3436557487080817,0,2023-07-01
0.1901389524752094,0,2023-07-01
0.33788974657275467,0,2023-10-01
0.26194518574794284,1,2023-09-01
0.5935432327208775,0,2023-09-01
0.17467658868578556,0,2023-07-01
0.3843227537080372,0,2023-09-01
0.7038077451132981,0,2023-10-01
0.23533143271748674,0,2023-07-01
0.2042893609824802,0,2023-10-01
0.1381243946209847,0,2023-07-01
0.16760897657807225,0,2023-10-01
0.5767221923223409,1,2023-08-01
0.1983849488867728,1,2023-09-01
0.6288468526995327,1,2023-07-01
0.12525130465248877,0,2023-07-01
0.20287070132371224,0,2023-08-01
0.11309826391485517,0,2023-09-01
0.14238633300851608,0,2023-11-01
0.24405916381638326,0,2023-11-01
0.1920520651557438,0,2023-07-01
0.22863566034599506,0,2023-11-01
0.1788120849812929,0,2023-09-01
0.6181523121762774,1,2023-10-01
0.4889610505767455,1,2023-10-01
0.5461522166762345,1,2023-08-01
0.3950241450542903,1,2023-08-01
0.09836663585311509,0,2023-09-01
0.23034243534438573,0,2023-11-01
0.10234438386901858,0,2023-08-01
0.12471116910877252,0,2023-08-01
0.15183682419494113,1,2023-09-01
0.22490553295669602,0,2023-08-01
0.202503498028849,0,2023-09-01
0.09406213677157335,1,2023-11-01
0.2785495042938043,1,2023-07-01
0.15568678343783382,0,2023-11-01
0.5768261400070441,0,2023-07-01
0.06064545322098923,0,2023-07-01
0.15953887434362532,0,2023-11-01
0.3723189456081881,0,2023-08-01
0.3752689499121818,1,2023-07-01
0.726271216064939,1,2023-11-01
0.5831621148138262,1,2023-10-01
0.21364005383713078,0,2023-09-01
0.6535899823357021,1,2023-09-01
0.13778181721047222,0,2023-07-01
0.1892821921061632,1,2023-08-01
0.2631422055021051,1,2023-11-01
0.2011861486823415,0,2023-07-01
0.17977223117086955,0,2023-08-01
0.11600232100908169,0,2023-09-01
0.16433116489349148,0,2023-07-01
0.20992057015763183,1,2023-11-01
0.10286949156167023,0,2023-07-01
0.15971997311612823,0,2023-09-01
0.0969138304134787,0,2023-08-01
0.12616416679903847,0,2023-10-01
0.37792991030895473,1,2023-09-01
0.32108522524089406,0,2023-08-01
0.2015087226876485,0,2023-09-01
0.4645080299690615,1,2023-08-01
0.6149528598129552,1,2023-08-01
0.2391526419647859,0,2023-10-01
0.1860645284474641,0,2023-07-01
0.15007981954400446,0,2023-07-01
0.25740819674499993,0,2023-10-01
0.19163547892187813,0,2023-11-01
0.25218649162863715,0,2023-09-01
0.5391011128993523,0,2023-09-01
0.5548214614890488,0,2023-07-01
0.2933523704099527,0,2023-09-01
0.27236065837381335,0,2023-10-01
0.1602066423962258,0,2023-07-01
0.1787478838184399,0,2023-09-01
0.09162851352291335,1,2023-10-01
0.08747678529592631,0,2023-10-01
0.4284962820943082,1,2023-07-01
0.12969597137339978,0,2023-09-01
0.37464071883270395,1,2023-11-01
0.25259346686491674,0,2023-09-01
0.10543303293909465,0,2023-10-01
0.0964414973147557,0,2023-09-01
0.20981176392158374,0,2023-07-01
0.23998075444210323,0,2023-09-01
0.2598665665469503,0,2023-09-01
0.3644358928756563,0,2023-07-01
0.5039164000037719,0,2023-11-01
0.32731357440358805,0,2023-08-01
0.49802775044670977,1,2023-07-01
0.2697427280865767,0,2023-08-01
0.390891057820062,0,2023-08-01
0.33516186735824566,1,2023-09-01
0.2358284303106365,1,2023-11-01
0.4353036387277385,0,2023-07-01
0.1013801413982285,1,2023-11-01
0.3218414309170523,0,2023-10-01
0.09382763925437133,0,2023-10-01
0.29238232791699387,0,2023-10-01
0.24907992374923515,0,2023-08-01
0.24940395767263118,1,2023-07-01
0.2713729376737362,0,2023-09-01
0.31762887712149346,1,2023-10-01
0.250230098570795,1,2023-09-01
0.12364470231815253,0,2023-08-01
0.2154659984690083,0,2023-08-01
0.293922003468109,0,2023-10-01
0.13515299734621863,0,2023-07-01
0.30016446644880845,0,2023-10-01
0.6788657110184387,1,2023-07-01
0.20379033138684075,0,2023-09-01
0.27210818851330876,0,2023-08-01
0.5737119034634621,0,2023-10-01
0.16564416097839538,0,2023-09-01
0.3345866315675831,0,2023-07-01
0.14541936106556894,0,2023-11-01
0.09683709772870638,0,2023-10-01
0.07299383617844966,0,2023-09-01
0.47517945688658425,0,2023-07-01
0.1616676671616285,0,2023-10-01
0.17321862234071622,0,2023-11-01
0.4826762118706999,0,2023-10-01
0.44314647058008666,1,2023-08-01
0.254807748606433,0,2023-07-01
0.17625763508222703,0,2023-07-01
0.3348251783932037,0,2023-08-01
0.26074781572506806,0,2023-09-01
0.2002480108030924,0,2023-11-01
0.1817295016684551,0,2023-08-01
0.289372271658863,1,2023-10-01
0.6139614438772547,0,2023-09-01
0.16167466357478957,0,2023-07-01
0.1943733380309806,0,2023-09-01
0.2517046014195041,0,2023-11-01
0.08903231885755586,0,2023-10-01
0.17737231092337127,1,2023-07-01
0.313326367971367,0,2023-11-01
0.2747296726289397,0,2023-09-01
0.22457216961369567,0,2023-07-01
0.18338387965722405,1,2023-09-01
0.2732548379533219,1,2023-08-01
0.28193313138288223,0,2023-10-01
0.25189716345463853,0,2023-08-01
0.4668653207674172,1,2023-09-01
0.1373693496010765,0,2023-07-01
0.31923823397025736,0,2023-07-01
0.21303202841413724,0,2023-10-01
0.29461037198592027,0,2023-07-01
0.1692119147865123,0,2023-08-01
0.2271884285027088,1,2023-10-01
0.32268658330885397,1,2023-08-01
0.5047616248129715,0,2023-08-01
0.3743386243184791,1,2023-09-01
0.5373956718446867,0,2023-10-01
0.2001639843651353,0,2023-09-01
0.12708985576380427,0,2023-09-01
0.3020308597362495,1,2023-07-01
0.14053128116616354,0,2023-11-01
0.5395665262099427,1,2023-09-01
0.42769824484098945,0,2023-07-01
0.29675304655430096,1,2023-10-01
0.22219008397690593,0,2023-11-01
0.2186024067659555,1,2023-11-01
0.34053382020697226,1,2023-07-01
0.11547749501243855,0,2023-11-01
0.5744876393533219,1,2023-08-01
0.11230075489021543,0,2023-08-01
0.20862709847537814,1,2023-11-01
0.5781825858424072,1,2023-11-01
0.17622955879735358,0,2023-07-01
0.14722899580133345,0,2023-07-01
0.3710984464032493,1,2023-11-01
0.19442187946131143,0,2023-07-01
0.2738944650498918,1,2023-07-01
0.29914747571885997,0,2023-10-01
0.5725551235601614,0,2023-10-01
0.13147295986570282,0,2023-10-01
0.2516367973295751,0,2023-11-01
0.40734141838571997,1,2023-09-01
0.45288426966519646,1,2023-11-01
0.3296276662842659,1,2023-09-01
0.1859198704826326,0,2023-11-01
0.3841409088724954,0,2023-11-01
0.11009757988323218,0,2023-09-01
0.35806854712067976,0,2023-07-01
0.22620913182895644,1,2023-07-01
0.43434480992802055,1,2023-09-01
0.30665013675965486,0,2023-09-01
0.5344773604046933,1,2023-08-01
0.1683855150140252,0,2023-11-01
0.3097709580192615,0,2023-07-01
0.167889226603183,0,2023-11-01
0.18635172126829674,0,2023-11-01
0.45523618279334394,0,2023-11-01
0.517726721800424,0,2023-10-01
0.6304350952709489,0,2023-07-01
0.2998365616363118,0,2023-07-01
0.09255423463758891,0,2023-07-01
0.5414516127601832,0,2023-07-01
0.32014320829940934,1,2023-09-01
0.5864235476186593,1,2023-10-01
0.3668507582932677,0,2023-09-01
0.4880464290615413,1,2023-07-01
0.11888586188935157,0,2023-10-01
0.17869787239406507,0,2023-08-01
0.5639745959358954,0,2023-08-01
0.3594879177724352,0,2023-07-01
0.18008257652606252,0,2023-07-01
0.13106360690703542,0,2023-07-01
0.11945757503209155,0,2023-11-01
0.4420375107061428,1,2023-09-01
0.3118453822276677,0,2023-08-01
0.1328464392925785,0,2023-07-01
0.1699878645623981,0,2023-10-01
0.20695131076125772,0,2023-10-01
0.21587912616982358,0,2023-10-01
0.13401249307513102,0,2023-09-01
0.18656311694644603,0,2023-07-01
0.12678814973941868,0,2023-09-01
0.3876716817399109,0,2023-08-01
0.2691538039905154,0,2023-07-01
0.46597821787332366,0,2023-11-01
0.3584649080017685,1,2023-11-01
0.34422030107774276,1,2023-09-01
0.3759700220506071,1,2023-07-01
0.49284374225818073,0,2023-11-01
0.5040640221444411,1,2023-09-01
0.27536392779936814,1,2023-08-01
0.1786192051770471,0,2023-10-01
0.24669821261563044,0,2023-10-01
0.13201960404725152,0,2023-11-01
0.32873072890720345,1,2023-07-01
0.5309974566614342,1,2023-09-01
0.10143666709153949,0,2023-11-01
0.18450369495373886,0,2023-10-01
0.1801046870789522,0,2023-11-01
0.26487568441827364,0,2023-09-01
0.18385203620957716,0,2023-11-01
0.15421244567491266,0,2023-09-01
0.058881316255123835,0,2023-09-01
0.22199537034568476,0,2023-07-01
0.2093798535645081,0,2023-09-01
0.547603257369669,0,2023-11-01
0.19778428259605382,0,2023-11-01
0.26033590007158935,0,2023-09-01
0.11926679994387762,0,2023-07-01
0.17854460104662817,1,2023-11-01
0.1554689559015932,0,2023-08-01
0.35556864100918834,1,2023-10-01
0.4475579252982194,1,2023-08-01
0.17496774655434366,0,2023-11-01
0.3925683807451618,0,2023-11-01
0.21478409418110783,0,2023-08-01
0.5398608867674801,1,2023-08-01
0.6606620368850091,1,2023-11-01
0.2811618992213048,0,2023-08-01
0.23382846252447034,0,2023-09-01
0.13747122710640913,0,2023-09-01
0.1938262676739638,0,2023-09-01
0.23257474277836196,0,2023-11-01
0.3286378812556228,0,2023-08-01
0.3794630087687926,0,2023-11-01
0.19421388213795715,0,2023-09-01
0.1657805095948271,0,2023-11-01
0.13927312578154663,0,2023-10-01
0.16033841218515515,0,2023-09-01
0.5150650261314387,1,2023-07-01
0.21434036732792652,0,2023-11-01
0.18126811664780385,0,2023-11-01
0.5356748144692797,0,2023-07-01
0.19607341540280968,0,2023-10-01
0.46772991630603933,0,2023-08-01
0.5685594563510633,0,2023-10-01
0.5306681229374349,1,2023-07-01
0.21627204716455253,0,2023-10-01
0.20462779393430097,1,2023-07-01
0.14989937815137475,0,2023-10-01
0.17762002468220864,0,2023-07-01
0.12822795118609218,0,2023-10-01
0.20965706066015471,0,2023-11-01
0.28776259511318436,0,2023-09-01
0.14334979864427025,0,2023-09-01
0.13203372247308337,0,2023-10-01
0.20301607217673232,1,2023-07-01
0.12644905954725172,0,2023-08-01
0.3196572596040641,1,2023-10-01
0.15023658938374426,0,2023-09-01
0.3128080085310459,1,2023-07-01
0.14652278662263615,1,2023-09-01
0.25963144939327176,0,2023-07-01
0.1711742221660892,0,2023-11-01
0.38028442056879563,1,2023-07-01
0.5133403494974927,1,2023-10-01
0.08070488586337625,0,2023-08-01
0.10716485011559068,0,2023-07-01
0.1406424838355048,0,2023-07-01
0.15661993659420387,0,2023-09-01
0.08721298524254091,0,2023-11-01
0.40041375966546777,1,2023-11-01
0.2602315987607259,0,2023-10-01
0.1986577675658305,0,2023-10-01
0.3428346623316873,0,2023-11-01
0.23191938046637625,0,2023-09-01
0.19126069374780102,0,2023-07-01
0.2682793119522608,0,2023-10-01
0.19235025364213612,0,2023-08-01
0.22723894127971533,0,2023-09-01
0.19004771883275093,1,2023-07-01
0.09331755806163439,0,2023-11-01
0.33977849263230836,1,2023-08-01
0.1100244866715499,0,2023-11-01
0.2059107572635236,0,2023-08-01
0.13790143363033103,0,2023-08-01
0.2801785333114151,1,2023-11-01
0.4355395584732572,0,2023-08-01
0.5404654421479844,1,2023-08-01
0.43000077898286776,1,2023-10-01
0.3156272307539852,0,2023-09-01
0.27277009285327025,1,2023-11-01
0.22610075296327287,0,2023-09-01
0.3541544637307648,1,2023-07-01
0.34364525287538655,0,2023-08-01
0.36035714370798033,1,2023-11-01
0.26934714534925885,1,2023-10-01
0.11158979690371341,0,2023-07-01
0.15107766847901605,0,2023-10-01
0.20268835895207885,0,2023-10-01
0.06839559768739625,0,2023-08-01
0.536437982099355,1,2023-10-01
0.20901136115714314,0,2023-07-01
0.21696363607977162,0,2023-08-01
0.19308061012424416,1,2023-08-01
0.2776550234004275,0,2023-11-01
0.5142451879234398,0,2023-09-01
0.19346744391225423,1,2023-09-01
0.38290956662162984,0,2023-11-01
0.491713697184837,0,2023-10-01
0.2880414889030341,0,2023-09-01
0.17202580353093844,1,2023-09-01
0.1988409459423027,0,2023-09-01
0.06628601888722797,0,2023-07-01
0.3123887597772805,0,2023-07-01
0.0986314582501782,0,2023-11-01
0.19191971382039422,0,2023-08-01
0.43978491318675444,1,2023-10-01
0.23361690041217745,1,2023-10-01
0.43759187616166106,0,2023-11-01
0.486672294140945,1,2023-07-01
0.15634529719178333,0,2023-07-01
0.4140056358573665,1,2023-11-01
0.1682506666856848,0,2023-08-01
0.46752743020156,1,2023-11-01
0.6227842160170369,1,2023-07-01
0.12204096527268937,0,2023-07-01
0.4522640776221243,0,2023-10-01
0.15949477661953168,0,2023-11-01
0.3640104350741309,1,2023-08-01
0.39074840388140236,1,2023-07-01
0.3938460290521809,0,2023-07-01
0.4318946128093826,1,2023-08-01
0.38324987699933294,1,2023-10-01
0.22275566304707736,0,2023-11-01
0.40679896023923046,1,2023-09-01
0.1002722674447035,0,2023-07-01
0.30541222792444,0,2023-08-01
0.7244962185802448,0,2023-11-01
0.6644565962568661,1,2023-10-01
0.47499838877173994,1,2023-09-01
0.18881636481585595,0,2023-09-01
0.35392572570142705,0,2023-10-01
0.11643083699610256,1,2023-09-01
0.18907189300538915,0,2023-07-01
0.3174453269157786,0,2023-11-01
0.2522953305949604,0,2023-08-01
0.14618218121387866,0,2023-11-01
0.33747457227592903,0,2023-09-01
0.4939064804008814,0,2023-10-01
0.45198705504690423,0,2023-10-01
0.10175716041458989,0,2023-11-01
0.24715281597117048,0,2023-07-01
0.1861761595318003,0,2023-10-01
0.1770696922189236,0,2023-07-01
0.2179680113578886,0,2023-11-01
0.4310136531193688,1,2023-10-01
0.3548228756228346,0,2023-10-01
0.15824989020626595,0,2023-11-01
0.08413069599153326,0,2023-10-01
0.0827021036755537,0,2023-10-01
0.47173721790899253,1,2023-11-01
0.6534284438343668,0,2023-07-01
0.17624240167711983,0,2023-09-01
0.2626477919264141,0,2023-08-01
0.19266290004777734,0,2023-10-01
0.14330328626699784,0,2023-09-01
0.1404149355087029,0,2023-08-01
0.15431457129808523,0,2023-10-01
0.5485015338088859,0,2023-07-01
0.18227839687251363,0,2023-11-01
0.6449715118735205,1,2023-07-01
0.28474499777186707,1,2023-07-01
0.33635437370879856,1,2023-08-01
0.3767089121940211,1,2023-10-01
0.18007631769152782,1,2023-10-01
0.4104915932689749,1,2023-11-01
0.20468651974137841,0,2023-07-01
0.1561465653281439,1,2023-09-01
0.2426739363358367,0,2023-11-01
0.6190558705626195,1,2023-07-01
0.6445694242545982,1,2023-10-01
0.16963626953152028,0,2023-11-01
0.38951514297608647,1,2023-08-01
0.17684888678523122,0,2023-08-01
0.22894499725483888,0,2023-11-01
0.5175618474955407,1,2023-09-01
0.1643467302551768,0,2023-07-01
0.10023060093828987,0,2023-11-01
0.48752952222387796,0,2023-11-01
0.6144075508565312,1,2023-09-01
0.1834876534642048,1,2023-09-01
0.40907159509361496,1,2023-07-01
0.5917550787817314,1,2023-10-01
0.2960083815876993,0,2023-11-01
0.1544570758268523,0,2023-10-01
0.5078056751162398,1,2023-09-01
0.4558087773581593,1,2023-07-01
0.14308827315286152,0,2023-10-01
0.31636291418317186,0,2023-11-01
0.12634790915024996,0,2023-11-01
0.15989979912087515,1,2023-08-01
0.22540871415812294,0,2023-07-01
0.10492432368498056,0,2023-11-01
0.17213398788028805,0,2023-08-01
0.41013557935363687,1,2023-09-01
0.2207791449539413,0,2023-08-01
0.6837281983013093,1,2023-10-01
0.3876809208860634,1,2023-11-01
0.09703670360130137,0,2023-09-01
0.5324825824662183,1,2023-09-01
0.3830084700679762,1,2023-07-01
0.6892713691737193,1,2023-08-01
0.1413775445359616,0,2023-10-01
0.4040527178644002,0,2023-09-01
0.20632374969502396,1,2023-07-01
0.2207437784347698,1,2023-08-01
0.10841620705975566,0,2023-10-01
0.32632240653925954,0,2023-07-01
0.5333636803738333,1,2023-10-01
0.3342310467836838,0,2023-09-01
0.19380487725166068,0,2023-10-01
0.29699075780703277,1,2023-07-01
0.274591080669643,0,2023-09-01
0.315604017636621,1,2023-08-01
0.430414446378093,1,2023-10-01
0.6322290216287144,0,2023-08-01
0.4361938062003063,1,2023-11-01
0.707673462093244,0,2023-07-01
0.39851912494873826,1,2023-10-01
0.6460840631531539,1,2023-09-01
0.3463368869344178,1,2023-09-01
0.1025037723339439,0,2023-09-01
0.5691452302896569,0,2023-10-01
0.44427149669908206,1,2023-11-01
0.17191678424108525,0,2023-07-01
0.13649315552713936,0,2023-08-01
0.4399219904065057,0,2023-09-01
0.12933834654241158,1,2023-09-01
0.1978255367488528,0,2023-11-01
0.24362392364455013,1,2023-08-01
0.4215680639294146,1,2023-09-01
0.2581829592213052,0,2023-10-01
0.4886534773633493,0,2023-07-01
0.49071876312420315,0,2023-10-01
0.216763859030746,0,2023-08-01
0.21582970572075375,0,2023-09-01
0.18343971185322383,1,2023-11-01
0.3252901080402716,0,2023-09-01
0.10961262428230624,0,2023-11-01
0.13885928508899245,0,2023-07-01
0.1821071149059769,0,2023-07-01
0.2259506600671717,1,2023-10-01
0.15510943462691595,0,2023-07-01
0.6139704578967982,1,2023-09-01
0.30146965872708037,0,2023-11-01
0.19481200668508006,0,2023-10-01
0.16342825911567269,0,2023-07-01
0.1763755628871538,0,2023-11-01
0.3930776555696963,0,2023-11-01
0.49098277401359725,0,2023-11-01
0.41784805438894995,1,2023-08-01
0.5332543422973453,0,2023-09-01
0.21934123265914687,0,2023-07-01
0.1621933261648224,0,2023-07-01
0.3559897527335968,1,2023-08-01
0.5436522681997761,0,2023-09-01
0.3766325181461177,1,2023-11-01
0.25761884812085384,0,2023-09-01
0.1697897970598407,0,2023-07-01
0.18718639553395475,0,2023-07-01
0.20766826992961004,0,2023-08-01
0.13872350687494733,0,2023-10-01
0.5257983767941251,1,2023-08-01
0.14566843845508082,0,2023-11-01
0.36146165151685083,0,2023-10-01
0.2785546802473048,1,2023-09-01
0.08539284522209054,1,2023-10-01
0.33867336144258775,1,2023-09-01
0.20223483420675664,0,2023-11-01
0.15714847278416122,0,2023-11-01
0.2533785650447577,0,2023-11-01
0.5509537160428293,0,2023-08-01
0.11225032939677679,0,2023-09-01
0.29197452755974507,0,2023-08-01
0.5863881683556177,1,2023-09-01
0.3363960180835781,0,2023-11-01
0.1797297821342301,0,2023-07-01
0.17784975250562798,0,2023-10-01
0.2542078706899609,1,2023-09-01
0.26876504196095713,0,2023-07-01
0.26606408905465845,1,2023-07-01
0.3736786957255347,0,2023-11-01
0.17859905883090207,0,2023-07-01
0.07688447378932924,0,2023-10-01
0.3407299572753642,1,2023-09-01
0.41823972125591374,1,2023-10-01
0.25300913812697373,0,2023-09-01
0.41327642724111885,1,2023-11-01
0.37939602524247745,0,2023-07-01
0.23066671087595061,1,2023-09-01
0.5771664732661018,0,2023-10-01
0.6303824290913702,0,2023-11-01
0.17781184671636224,0,2023-08-01
0.4499916161085208,1,2023-11-01
0.2831336378142673,1,2023-09-01
0.27054546759417514,0,2023-07-01
0.4587966249587573,1,2023-11-01
0.47358601773436293,1,2023-11-01
0.2981217283162816,0,2023-08-01
0.13218723647800967,0,2023-07-01
0.29920038033353774,0,2023-07-01
0.19508077414488217,0,2023-07-01
0.13532778058155098,0,2023-11-01
0.30073821148610796,0,2023-08-01
0.7256098620198004,1,2023-07-01
0.2630296629943382,1,2023-09-01
0.2997486734809118,0,2023-07-01
0.1303431001306188,0,2023-07-01
0.20529049097841723,0,2023-07-01
0.19591906439780263,0,2023-07-01
0.2710960696299963,0,2023-10-01
0.20626839116832946,0,2023-07-01
0.17653984839843667,0,2023-09-01
0.4044994421357069,0,2023-10-01
0.6119110008427944,1,2023-10-01
0.18567626308738683,1,2023-09-01
0.23823079339607245,0,2023-10-01
0.23228804258438351,0,2023-09-01
0.15626674145502903,1,2023-07-01
0.20926014593151718,0,2023-11-01
0.09289774871011014,0,2023-08-01
0.2437121922020486,0,2023-08-01
0.09935019517431784,0,2023-10-01
0.16495643236988486,0,2023-11-01
0.5725985553953553,0,2023-11-01
0.1786853518184559,0,2023-09-01
0.20273730366319728,1,2023-08-01
0.0992937433076486,0,2023-11-01
0.10010272952048525,0,2023-11-01
0.10397305358204734,0,2023-10-01
0.48755267596777047,0,2023-07-01
0.4269727446857425,0,2023-08-01
0.198982772261032,0,2023-07-01
0.2775575280391018,0,2023-09-01
0.3110128388735704,0,2023-07-01
0.3127254370926695,0,2023-09-01
0.36396209486109377,0,2023-11-01
0.5261156797233069,1,2023-08-01
0.3005117416197969,0,2023-07-01
0.12637560086647953,0,2023-08-01
0.4144909347753602,1,2023-11-01
0.16984134778569823,1,2023-09-01
0.20972768165193545,0,2023-11-01
0.0610272960132108,0,2023-11-01
0.1980716332859465,0,2023-09-01
0.1362622472557088,0,2023-08-01
0.34657584880420894,0,2023-11-01
0.3429662344035215,1,2023-07-01
0.3342846842462772,0,2023-09-01
0.7338368670025273,1,2023-08-01
0.186468513961315,0,2023-10-01
0.2050952486439579,0,2023-11-01
0.16007108271235537,0,2023-07-01
0.4447523249175488,1,2023-07-01
0.38379792738387913,1,2023-11-01
0.13377025563666897,1,2023-10-01
0.26707588149972805,0,2023-07-01
0.1821785509264292,0,2023-08-01
0.3763295865912372,1,2023-07-01
0.05830510521681014,0,2023-09-01
0.21915536833890314,1,2023-10-01
0.1483934499141022,0,2023-07-01
0.17148944583879333,0,2023-07-01
0.1741422504241178,0,2023-08-01
0.1039470071807965,0,2023-07-01
0.4946411518734038,1,2023-09-01
0.6167456632683133,1,2023-09-01
0.1308222824819995,0,2023-07-01
0.12268564761394944,0,2023-10-01
0.37403289444715904,0,2023-09-01
0.4908783985100097,0,2023-08-01
0.419818776235145,1,2023-09-01
0.14075915588129187,0,2023-10-01
0.6025960020665969,1,2023-11-01
0.08792682075204972,0,2023-10-01
0.23519806451532474,0,2023-11-01
0.2173969815263065,0,2023-07-01
0.461189266320321,1,2023-09-01
0.13405604295041929,0,2023-07-01
0.08729535683750643,0,2023-08-01
0.1248702704980468,0,2023-07-01
0.1913205172801892,0,2023-11-01
0.26638836877356153,0,2023-08-01
0.2100341220965821,0,2023-10-01
0.18135190959893344,0,2023-07-01
0.5369743400199462,0,2023-11-01
0.36556303331819023,0,2023-08-01
0.2687358227968976,0,2023-09-01
0.14008474472261706,0,2023-11-01
0.5084853185901206,0,2023-08-01
0.1743176845180105,1,2023-07-01
0.17902733836017648,0,2023-08-01
0.5940940045314007,0,2023-08-01
0.7255065991604653,1,2023-11-01
0.2483281491614472,0,2023-08-01
0.13958205192916792,0,2023-07-01
0.6336181174420051,1,2023-07-01
0.1232285559887418,0,2023-08-01
0.3531969382692317,1,2023-11-01
0.3551108578318056,1,2023-09-01
0.09190471918230074,0,2023-07-01
0.5386620827001526,0,2023-08-01
0.17011937227144838,0,2023-11-01
0.30038507913711726,1,2023-07-01
0.07243882253946766,0,2023-07-01
0.17308092041360906,0,2023-10-01
0.2516402337952066,0,2023-08-01
0.3496853151434241,0,2023-08-01
0.4553116306505514,1,2023-11-01
0.32134686772461935,0,2023-08-01
0.16697159947874576,0,2023-08-01
0.2932496895089001,0,2023-07-01
0.12605278124118613,0,2023-09-01
0.22247509445195082,0,2023-07-01
0.5550870345757138,1,2023-09-01
0.2539753610392022,0,2023-08-01
0.1320406117471108,1,2023-08-01
0.12754554854295924,0,2023-07-01
0.4194226395210775,0,2023-07-01
0.14063820960065326,0,2023-07-01
0.4532862144952515,1,2023-11-01
0.5054468647956772,1,2023-11-01
0.5159870601604556,1,2023-11-01
0.42297474634990295,1,2023-10-01
0.2233481241207146,0,2023-10-01
0.1707282128099963,0,2023-11-01
0.3951451381303278,0,2023-07-01
0.15556517927496585,0,2023-10-01
0.4055352343501671,0,2023-07-01
0.1492195434231388,0,2023-11-01
0.15389592462902957,0,2023-07-01
0.31563278071980155,0,2023-10-01
0.19104549869293394,0,2023-10-01
0.5134859217881214,1,2023-08-01
0.5418190962698473,0,2023-08-01
0.11197388856390601,0,2023-08-01
0.29662416060279434,0,2023-07-01
0.18462544209527615,0,2023-10-01
0.5189031199236189,0,2023-09-01
0.44990962724434314,0,2023-09-01
0.30260430122641857,0,2023-08-01
0.32323065848218907,0,2023-09-01
0.22588503811156987,1,2023-10-01
0.3296451810766416,1,2023-10-01
0.7338662459698904,1,2023-08-01
0.18073966477860426,1,2023-07-01
0.23433516649552158,0,2023-09-01
0.4215454008106643,0,2023-09-01
0.15312266146584338,0,2023-11-01
0.1996772309209387,0,2023-11-01
0.30051195261746727,0,2023-10-01
0.12162443944658874,0,2023-10-01
0.5439436182877722,1,2023-10-01
0.08630483719846856,0,2023-07-01
0.5117422912503573,1,2023-09-01
0.4061920991296286,1,2023-11-01
0.2148044685150178,0,2023-11-01
0.2864732376288351,0,2023-07-01
0.14657591403003362,0,2023-09-01
0.23332163129615055,0,2023-08-01
0.42310880567931525,0,2023-07-01
0.6781590198297138,1,2023-11-01
0.06060143322687915,0,2023-09-01
0.6375068047301298,1,2023-07-01
0.18553949294759883,0,2023-08-01
0.32296456957631037,0,2023-11-01
0.2362392950109721,0,2023-11-01
0.10607769691399373,0,2023-11-01
0.3339888004232571,1,2023-07-01
0.452464431834545,0,2023-10-01
0.20992522401971778,0,2023-07-01
0.20411679347100878,0,2023-11-01
0.25303365040654396,0,2023-09-01
0.4015678309710034,0,2023-08-01
0.12083255966245748,1,2023-09-01
0.1756146975075449,0,2023-08-01
0.15441588051630192,0,2023-11-01
0.2499180255774531,0,2023-10-01
0.1960840220480439,0,2023-07-01
0.07131137348066585,0,2023-07-01
0.33876635464425053,0,2023-11-01
0.6673606978103861,1,2023-10-01
0.1564649070707304,0,2023-11-01
0.5418720024619557,1,2023-09-01
0.1567937050091864,0,2023-11-01
0.27856429417988515,0,2023-09-01
0.4488442898396263,0,2023-09-01
0.17909058170766448,0,2023-10-01
0.46280911757380094,1,2023-10-01
0.10538574571537782,0,2023-10-01
0.15617070523031287,0,2023-07-01
0.08717025645090949,0,2023-09-01
0.17759487540832838,0,2023-11-01
0.16249872565095366,1,2023-11-01
0.4840478757691138,1,2023-07-01
0.4390457784753804,1,2023-11-01
0.3190506896872258,1,2023-08-01
0.13175598682601236,0,2023-11-01
0.1341704914736095,1,2023-07-01
0.10198122816878734,0,2023-08-01
0.5074674616025179,0,2023-10-01
0.10519908477124616,0,2023-07-01
0.33085626145159697,1,2023-11-01
0.2665459536262928,0,2023-08-01
0.17221672282626335,0,2023-08-01
0.7835216653548887,1,2023-08-01
0.11297704797451129,0,2023-11-01
0.21287154390252536,0,2023-11-01
0.17423413808578592,0,2023-09-01
0.14018293919839683,0,2023-08-01
0.1901722379419292,0,2023-09-01
0.42494123517200816,1,2023-08-01
0.17757625535676472,0,2023-07-01
0.6373791418614843,0,2023-09-01
0.3386282198980153,1,2023-09-01
0.4353978968021205,1,2023-11-01
0.17519299173817132,0,2023-11-01
0.3968302072884309,0,2023-07-01
0.2159432307442262,1,2023-08-01
0.10984783257661444,0,2023-09-01
0.11470340652396774,0,2023-09-01
0.48565449452913934,0,2023-09-01
0.1181813368657048,0,2023-10-01
0.2646266473541082,0,2023-07-01
0.1349400073760161,0,2023-08-01
0.25009330991720163,0,2023-09-01
0.5037945072275053,1,2023-11-01
0.272888308829109,0,2023-09-01
0.2872783890448687,0,2023-10-01
0.585504822994388,0,2023-11-01
0.20845759480368228,0,2023-09-01
0.3385142561589775,0,2023-10-01
0.2508426686014479,0,2023-11-01
0.12376198913871951,0,2023-11-01
0.221226769427637,0,2023-08-01
0.1923717209230637,1,2023-10-01
0.24031500104431364,0,2023-10-01
0.16043879684812193,0,2023-11-01
0.11012656604575694,0,2023-08-01
0.22250293736333907,0,2023-07-01
0.11536963703750616,0,2023-07-01
0.1944716115728747,0,2023-11-01
0.14042686843943555,0,2023-09-01
0.17260742003587634,0,2023-10-01
0.18877977713243277,0,2023-09-01
0.41400129888171777,0,2023-10-01
0.806190337549272,1,2023-11-01
0.17494774047246298,0,2023-07-01
0.2727306468628687,0,2023-11-01
0.47505381324948076,0,2023-10-01
0.07790403121051595,0,2023-11-01
0.5981405999596375,1,2023-09-01
0.4979466527371796,1,2023-09-01
0.598931014803946,1,2023-11-01
0.21101959224007746,0,2023-11-01
0.3085027596627424,0,2023-11-01
0.1408749543110918,0,2023-07-01
0.19834590338910135,0,2023-08-01
0.19228232136126844,0,2023-09-01
0.4214927722646401,0,2023-07-01
0.6097182015401994,1,2023-08-01
0.6600951371534552,1,2023-10-01
0.5066123753034826,0,2023-09-01
0.24540437985280344,0,2023-07-01
0.5622447455046528,0,2023-11-01
0.26703875943842753,0,2023-07-01
0.29614658729723103,0,2023-10-01
0.13665035002996836,0,2023-10-01
0.11653191291142725,0,2023-09-01
0.2768112124842548,0,2023-08-01
0.20329903728128018,0,2023-09-01
0.1537711715015888,0,2023-08-01
0.6113478527330702,0,2023-10-01
0.3873720164879702,1,2023-08-01
0.15850647839061296,0,2023-08-01
0.6401043003691929,1,2023-07-01
0.21593858512072983,0,2023-09-01
0.3129954575394592,0,2023-09-01
0.05283273083753286,0,2023-07-01
0.1990500209148182,0,2023-08-01
0.20273186673433388,0,2023-10-01
0.12320209986875415,0,2023-11-01
0.37329128313051974,1,2023-09-01
0.17766139582698562,0,2023-09-01
0.4291532080616849,0,2023-10-01
0.45026917159277924,0,2023-09-01
0.0771302021563101,0,2023-07-01
0.196925839904822,0,2023-11-01
0.31946571496190074,1,2023-07-01
0.1905307310426021,0,2023-08-01
0.3586270834624325,0,2023-09-01
0.1703027448665175,0,2023-09-01
0.45331052094940955,1,2023-11-01
0.09219981924588651,0,2023-11-01
0.20529748068212592,0,2023-11-01
0.2748427267214082,0,2023-08-01
0.1911706321224254,0,2023-11-01
0.15556484363165216,0,2023-11-01
0.3323616784579381,0,2023-09-01
0.10905647601637714,0,2023-09-01
0.5888545622328043,0,2023-09-01
0.11642866771887411,0,2023-09-01
0.3817140434921222,0,2023-09-01
0.20203286337005877,1,2023-09-01
0.26871676111038867,1,2023-10-01
0.3396454036825196,1,2023-08-01
0.18164936988463887,1,2023-09-01
0.13452718769949099,0,2023-07-01
0.4684734013495642,1,2023-08-01
0.19497396305365688,1,2023-08-01
0.138937444131996,0,2023-08-01
0.13536757498880259,0,2023-07-01
0.29220581849662025,1,2023-07-01
0.7122169347168669,1,2023-11-01
0.2721362039669518,0,2023-09-01
0.16391286393987337,0,2023-10-01
0.23733300918760822,0,2023-07-01
0.3481985378307939,1,2023-08-01
0.457764876655188,1,2023-10-01
0.2944073979630519,0,2023-07-01
0.2639082810250012,0,2023-09-01
0.2917802052726812,0,2023-08-01
0.10941878869184776,0,2023-07-01
0.5979528854156088,1,2023-07-01
0.5525857616267703,0,2023-07-01
0.11064610290019919,0,2023-08-01
0.13513581163550475,0,2023-10-01
0.4146543529941068,0,2023-07-01
0.4907773089405255,0,2023-10-01
0.7376931602770839,1,2023-07-01
0.6698201720815519,1,2023-11-01
0.513886930330175,0,2023-09-01
0.18536657599715953,0,2023-09-01
0.25634986451988023,0,2023-10-01
0.49517778640741666,0,2023-09-01
0.24732618530561307,1,2023-07-01
0.1945925959934583,1,2023-07-01
0.3559375587895845,1,2023-10-01
0.19020784128231488,0,2023-10-01
0.17045646464518455,0,2023-07-01
0.11500021861113577,0,2023-08-01
0.5549387190664301,1,2023-09-01
0.32807859355735486,1,2023-11-01
0.522308411033253,0,2023-07-01
0.46399210963186366,1,2023-08-01
0.1753600949899071,0,2023-11-01
0.18627704902755812,0,2023-08-01
0.22376266162884179,0,2023-11-01
0.5296420634100754,0,2023-11-01
0.3251323399341471,1,2023-07-01
0.43280502915398716,0,2023-11-01
0.38274793576490634,1,2023-07-01
0.2323922275674263,1,2023-08-01
0.4465880666206513,1,2023-09-01
0.3056312083472286,0,2023-09-01
0.6626982144592619,0,2023-09-01
0.10530390771591984,0,2023-09-01
0.14100292158348762,0,2023-07-01
0.461823253181666,0,2023-08-01
0.1730799367859931,0,2023-09-01
0.2535265173130796,0,2023-09-01
0.3256320273671869,0,2023-09-01
0.182970544696879,0,2023-08-01
0.5970230486277719,1,2023-10-01
0.0881811709330364,0,2023-08-01
0.14000940122167377,0,2023-08-01
0.23245068106008604,0,2023-07-01
0.5468104577847831,1,2023-09-01
0.5603510949954277,0,2023-08-01
0.22333783627602424,0,2023-08-01
0.280404038057464,1,2023-10-01
0.24518851450719598,0,2023-08-01
0.3714893532079318,0,2023-10-01
0.32905698003276207,0,2023-07-01
0.1589523827084153,0,2023-08-01
0.4250259672567359,1,2023-07-01
0.5265755945162611,1,2023-10-01
0.09302153732459471,0,2023-10-01
0.21665825555437668,0,2023-09-01
0.31954216225056004,1,2023-09-01
0.26944699158656205,0,2023-11-01
0.46713027303825455,1,2023-08-01
0.43965461302222464,1,2023-09-01
0.14757545585921766,0,2023-09-01
0.3154766096169553,0,2023-10-01
0.3330705444197731,1,2023-11-01
0.3171730498637472,0,2023-09-01
0.10162739292098802,0,2023-07-01
0.211661606182681,0,2023-09-01
0.16208171724046228,0,2023-11-01
0.27513648231014964,0,2023-10-01
0.3164884207070079,0,2023-09-01
0.3873004284324983,1,2023-11-01
0.07138310272973375,0,2023-07-01
0.19581538578382648,0,2023-09-01
0.12850569404283332,0,2023-11-01
0.11405716618913678,0,2023-10-01
0.6185031671815506,1,2023-10-01
0.18132308658961327,0,2023-11-01
0.1330106586979486,0,2023-08-01
0.37485390576466343,0,2023-09-01
0.25452118213956565,0,2023-07-01
0.36575487224827696,1,2023-11-01
0.14739627438946962,0,2023-08-01
0.6798158003940306,1,2023-07-01
0.2020054391564721,0,2023-10-01
0.2103076460299741,0,2023-07-01
0.18198727514589147,0,2023-11-01
0.31670732805395885,0,2023-10-01
0.16874045875623758,0,2023-10-01
0.08641839813519304,0,2023-09-01
0.17865170289313823,1,2023-10-01
0.21194710735540065,0,2023-11-01
0.1927819698892877,0,2023-11-01
0.5801132863906174,0,2023-10-01
0.21910113535773912,0,2023-08-01
0.27803473240604676,0,2023-07-01
0.41008900966510736,1,2023-11-01
0.09106776715579812,0,2023-11-01
0.3649188292193769,0,2023-07-01
0.22867910833816044,0,2023-11-01
0.1941373405175062,0,2023-11-01
0.35700362806258884,0,2023-09-01
0.5724588846460784,1,2023-11-01
0.19707164848517836,0,2023-11-01
0.29156285516426295,0,2023-07-01
0.13426775422084675,0,2023-08-01
0.12507951765144307,0,2023-11-01
0.4998497860807375,0,2023-10-01
0.4545635114285245,1,2023-09-01
0.19799439119272794,0,2023-10-01
0.34552241241330095,0,2023-10-01
0.19036679764125441,0,2023-08-01
0.17649998359432675,1,2023-08-01
0.13625095737773998,0,2023-11-01
0.12344079555624919,0,2023-11-01
0.3020273327905062,0,2023-10-01
0.5279518681371738,0,2023-09-01
0.15465711160983053,0,2023-07-01
0.8679794699968645,1,2023-11-01
0.4742987604079395,1,2023-09-01
0.5620400205573295,1,2023-08-01
0.26748517250460874,1,2023-08-01
0.20040304914346518,0,2023-10-01
0.4764219705097157,1,2023-10-01
0.3900014642577996,0,2023-10-01
0.28238892709150354,0,2023-08-01
0.24246772417471668,0,2023-11-01
0.2051030136373334,1,2023-08-01
0.22289587745500522,0,2023-08-01
0.32713912003398227,1,2023-07-01
0.4792693869287472,1,2023-10-01
0.30314145711994894,0,2023-11-01
0.5520511587764013,1,2023-11-01
0.4515235895848542,0,2023-07-01
0.09327712239397899,0,2023-08-01
0.30135973869496524,0,2023-11-01
0.2084117960865709,0,2023-07-01
0.1940964351202285,0,2023-09-01
0.48460353336593853,1,2023-10-01
0.4337322061764689,1,2023-08-01
0.585779050286637,0,2023-09-01
0.24604282002142425,1,2023-09-01
0.16159362020362503,0,2023-10-01
0.5043005301623685,1,2023-09-01
0.12945966130526004,0,2023-10-01
0.1680780359370836,1,2023-07-01
0.20809915648783073,0,2023-10-01
0.5931322929025697,1,2023-10-01
0.09769396465887767,0,2023-10-01
0.21654676960945854,1,2023-09-01
0.6432830018163783,1,2023-11-01
0.12172008154141613,0,2023-08-01
0.346144485863944,0,2023-09-01
0.23834924270501603,0,2023-07-01
0.2181413404283207,0,2023-07-01
0.48517513478864277,1,2023-09-01
0.21441590062692806,0,2023-10-01
0.4829204595280699,1,2023-07-01
0.203593354269316,1,2023-09-01
0.2047530839668946,0,2023-09-01
0.12420681460587933,1,2023-11-01
0.16503921559662643,1,2023-07-01
0.22002748294681673,1,2023-08-01
0.21227749236305535,0,2023-07-01
0.1139469587035876,1,2023-10-01
0.5627851824533128,0,2023-09-01
0.11987290182554274,0,2023-09-01
0.34143833999543427,0,2023-08-01
0.4205088369842737,0,2023-10-01
0.14678112050780126,0,2023-11-01
0.19614687464162472,0,2023-07-01
0.6209599622964799,1,2023-08-01
0.3268506988281933,0,2023-09-01
0.09697620809960969,0,2023-10-01
0.14917765076695433,0,2023-08-01
0.49447857119015276,1,2023-09-01
0.37168581749743196,0,2023-11-01
0.2623676509611337,0,2023-08-01
0.48386872770621797,1,2023-11-01
0.22640990928906007,0,2023-09-01
0.37986340618618475,0,2023-08-01
0.3567693189408511,0,2023-09-01
0.24763429471594595,0,2023-11-01
0.6746493849321304,1,2023-11-01
0.4715252282440848,1,2023-11-01
0.4657770485512334,1,2023-09-01
0.22220911713208974,0,2023-10-01
0.10069615528921393,0,2023-10-01
0.1437436685640791,0,2023-08-01
0.4372568854522484,1,2023-08-01
0.13989364559918088,0,2023-08-01
0.3931122190468354,0,2023-10-01
0.17496302495425398,0,2023-09-01
0.447894404690821,1,2023-07-01
0.16617362208777386,0,2023-07-01
0.56284009694884,0,2023-11-01
0.27141713059845074,1,2023-09-01
0.6348690569448336,1,2023-08-01
0.5589367606818666,1,2023-11-01
0.2816269636949129,0,2023-10-01
0.596462101533068,1,2023-07-01
0.13739089264680912,0,2023-08-01
0.2959970544855984,0,2023-07-01
0.4699785096549205,0,2023-07-01
0.5063148952552284,0,2023-08-01
0.4406559784810015,1,2023-10-01
0.43011912687878057,1,2023-08-01
0.2098286134572257,0,2023-08-01
0.4113707424651028,1,2023-07-01
0.29598380102763916,0,2023-07-01
0.29260127019255755,0,2023-07-01
0.2904649870472478,1,2023-07-01
0.24867318289961748,0,2023-07-01
0.3621519163389964,0,2023-09-01
0.21069782942843981,0,2023-09-01
0.06177505207208659,0,2023-09-01
0.47039018537274213,0,2023-10-01
0.5801062362392447,0,2023-09-01
0.12959221839727683,0,2023-11-01
0.4184012427678938,0,2023-09-01
0.33335642766515455,0,2023-10-01
0.14204791619921056,0,2023-10-01
0.23301048899110235,0,2023-10-01
0.24744562863303268,0,2023-10-01
0.29173134356486097,0,2023-10-01
0.10372109578086103,0,2023-11-01
0.20338417931151936,0,2023-10-01
0.1399308251512339,0,2023-07-01
0.5853414745223732,1,2023-07-01
0.08523386314205512,0,2023-10-01
0.2622815778006933,0,2023-10-01
0.11253784822751987,0,2023-08-01
0.33027280991705066,0,2023-10-01
0.29015967554371935,0,2023-10-01
0.4072763675129812,1,2023-10-01
0.39880163515766837,1,2023-11-01
0.26282151785237895,0,2023-07-01
0.30080719573450365,0,2023-11-01
0.4773118244315156,1,2023-08-01
0.1405492583759154,0,2023-10-01
0.2012029467418619,0,2023-07-01
0.13298771790833264,0,2023-10-01
0.22116601775766317,0,2023-09-01
0.5163181298036827,1,2023-10-01
0.21047346195678684,0,2023-11-01
0.2447222824091995,0,2023-09-01
0.16330675710966838,0,2023-07-01
0.19433153065417283,1,2023-11-01
0.230301795811659,1,2023-08-01
0.23282665321150145,0,2023-10-01
0.07969691450122972,0,2023-10-01
0.16999809545410552,1,2023-08-01
0.32281035090988525,1,2023-09-01
0.13318087615969101,0,2023-09-01
0.5218037743384953,1,2023-08-01
0.5293360928122313,0,2023-08-01
0.1592416027780734,1,2023-07-01
0.2615969845785387,0,2023-09-01
0.34652016126698243,0,2023-11-01
0.24094612009626915,0,2023-07-01
0.3326849020637811,0,2023-07-01
0.27811080048854975,0,2023-10-01
0.11674121487914796,0,2023-10-01
0.2350770446891896,1,2023-08-01
0.4930542030098983,0,2023-07-01
0.13685891279253623,0,2023-09-01
0.21364425153775027,0,2023-08-01
0.24073179641226647,0,2023-08-01
0.25859638638102594,0,2023-10-01
0.13556461883187135,0,2023-07-01
0.0934966878948317,0,2023-10-01
0.20112059977548305,0,2023-09-01
0.1531998577721924,0,2023-07-01
0.5012326056072683,1,2023-08-01
0.4367092779049842,0,2023-09-01
0.3962853349092209,1,2023-09-01
0.16977284805715345,0,2023-10-01
0.1377628182713347,0,2023-07-01
0.13492477683489942,0,2023-07-01
0.15113148792581993,0,2023-10-01
0.3125930884870944,0,2023-11-01
0.08129995679397782,0,2023-09-01
0.08989647161965672,0,2023-08-01
0.24176491083089915,0,2023-08-01
0.05704138154820676,0,2023-09-01
0.24511443312457296,1,2023-07-01
0.239383760139652,0,2023-10-01
0.35401106029946916,0,2023-11-01
0.5895111895805866,0,2023-08-01
0.17608880909226182,1,2023-10-01
0.16699688815737831,0,2023-11-01
0.3895520728806531,0,2023-10-01
0.5940487477199762,1,2023-11-01
0.3268027277744241,0,2023-11-01
0.6040448509066596,0,2023-09-01
0.4859854214335737,1,2023-10-01
0.19818248419280973,0,2023-11-01
0.13889937447947825,0,2023-10-01
0.33206718735695306,1,2023-10-01
0.12323499094552652,0,2023-11-01
0.2588936141447887,0,2023-08-01
0.15026022117814097,0,2023-11-01
0.1542883543611549,0,2023-08-01
0.28941344774292405,0,2023-11-01
0.725284736225692,1,2023-07-01
0.13257284240852157,0,2023-11-01
0.5819754901160894,0,2023-11-01
0.48708526537259167,1,2023-09-01
0.2605233010480183,1,2023-07-01
0.23242726398501676,0,2023-10-01
0.32970826813161236,1,2023-10-01
0.1478085373492601,0,2023-07-01
0.24473270284041804,0,2023-10-01
0.4831404306181928,1,2023-08-01
0.31622730102940816,0,2023-11-01
0.20394023202618183,1,2023-07-01
0.5826371929319268,1,2023-11-01
0.6644886256712308,1,2023-10-01
0.6853743466213722,1,2023-09-01
0.14162841530191647,0,2023-08-01
0.13730044515931716,0,2023-09-01
0.1998252589931544,0,2023-08-01
0.3475087891075385,0,2023-08-01
0.2179164804933741,1,2023-07-01
0.4694011794004096,1,2023-08-01
0.3672636593796657,0,2023-08-01
0.12409914754279218,0,2023-08-01
0.15115542213485475,0,2023-08-01
0.6153564400756218,1,2023-11-01
0.24964694505205803,0,2023-10-01
0.4150659785210014,1,2023-11-01
0.1551638950304711,0,2023-10-01
0.21107433413572066,0,2023-08-01
0.22612666396751852,0,2023-09-01
0.22006636351184894,0,2023-08-01
0.2674586748618944,0,2023-09-01
0.13026795187806423,0,2023-11-01
0.1578198784685957,0,2023-09-01
0.16996356680311975,0,2023-10-01
0.2819946436013465,1,2023-08-01
0.3619167444736677,1,2023-09-01
0.1825529206430329,0,2023-10-01
0.5429069185552031,0,2023-11-01
0.5904478018408953,1,2023-10-01
0.1766298029466296,0,2023-07-01
0.44311952016528106,0,2023-08-01
0.5493454593345422,0,2023-11-01
0.20160505084676086,1,2023-09-01
0.14131412271130292,0,2023-08-01
0.576789261569358,1,2023-07-01
0.48813366583291307,0,2023-08-01
0.1587766157813656,1,2023-09-01
0.10162434619517653,0,2023-08-01
0.6266167721027177,0,2023-08-01
0.2083617932437919,0,2023-10-01
0.09039255046585366,0,2023-08-01
0.6684039696953363,1,2023-09-01
0.4767315434540065,0,2023-11-01
0.5804467531441245,1,2023-07-01
0.24188534274084156,0,2023-07-01
0.09168127719942046,0,2023-11-01
0.29796887296859503,1,2023-10-01
0.37910604661853564,0,2023-11-01
0.5206559404411135,1,2023-10-01
0.5233107760747032,1,2023-11-01
0.22608811061493236,1,2023-07-01
0.23976690741940387,0,2023-08-01
0.09776464138531274,0,2023-09-01
0.1615953679661036,0,2023-10-01
0.38893979132497286,0,2023-08-01
0.1645074357512478,0,2023-11-01
0.11099592135845963,0,2023-07-01
0.36569687703696374,0,2023-10-01
0.19131422679148039,0,2023-11-01
0.22428473357059733,1,2023-10-01
0.12039798165052272,0,2023-09-01
0.12234988146168416,0,2023-08-01
0.5685815636649988,1,2023-08-01
0.15440895077569347,0,2023-10-01
0.26048510946872117,1,2023-10-01
0.2930106124173845,0,2023-07-01
0.04387478022958601,0,2023-08-01
0.6095155976164457,1,2023-07-01
0.3133081642782333,0,2023-11-01
0.16001914770274875,0,2023-10-01
0.4951848811553196,1,2023-09-01
0.17579131095231096,0,2023-11-01
0.3664002181747071,0,2023-07-01
0.3981554831797584,0,2023-08-01
0.08795964721955266,0,2023-07-01
0.28742905029577864,0,2023-10-01
0.1603315635019382,0,2023-10-01
0.5771547930012855,1,2023-09-01
0.10767682331687767,0,2023-10-01
0.49095796092119837,0,2023-10-01
0.39273741401292084,0,2023-08-01
0.14948958882977437,0,2023-07-01
0.6268492826287335,0,2023-08-01
0.15924448557658427,0,2023-07-01
0.2764429700245213,0,2023-09-01
0.11977781622011305,0,2023-07-01
0.2534394248090753,1,2023-08-01
0.16750706928549847,0,2023-11-01
0.10754813425876365,0,2023-10-01
0.43147537393928465,1,2023-11-01
0.17241065743369136,0,2023-09-01
0.17750947091831729,0,2023-11-01
0.5065477633761771,0,2023-08-01
0.5619804003059269,1,2023-07-01
0.34473629589099,0,2023-07-01
0.49451278440521124,1,2023-08-01
0.0982221782883546,0,2023-11-01
0.16396755185600922,0,2023-07-01
0.16721625430963283,0,2023-10-01
0.2585172258394641,0,2023-10-01
0.14812076122032747,0,2023-09-01
0.1592401699075101,1,2023-09-01
0.10212966394550779,0,2023-08-01
0.6688453483164783,1,2023-09-01
0.1908308050061642,0,2023-07-01
0.46242537089047175,0,2023-08-01
0.1615708958315528,0,2023-11-01
0.42220984587074367,1,2023-10-01
0.15822308640864752,0,2023-11-01
0.1465859972585315,0,2023-08-01
0.4618004159661004,1,2023-11-01
0.3724156397970528,1,2023-08-01
0.29595729863872855,0,2023-09-01
0.28872782523111407,0,2023-10-01
0.5939056288267262,1,2023-08-01
0.14489081360934394,0,2023-11-01
0.5058536380431669,1,2023-07-01
0.4759103460778978,1,2023-11-01
0.1358791907448162,1,2023-10-01
0.2079932042592492,0,2023-07-01
0.21932766703400655,0,2023-08-01
0.22611345478987854,0,2023-11-01
0.17844673617563295,0,2023-08-01
0.1838114708256886,0,2023-09-01
0.32945116540179764,0,2023-07-01
0.132978505551839,0,2023-07-01
0.2563973543235259,0,2023-07-01
0.11561564501582867,0,2023-11-01
0.24153548481039666,0,2023-11-01
0.34312650588497956,0,2023-07-01
0.16471419975134946,0,2023-10-01
0.6383123789294165,0,2023-10-01
0.15783668155838554,0,2023-10-01
0.12032052643539405,0,2023-09-01
0.0755749141058361,0,2023-11-01
0.20079717876425857,0,2023-11-01
0.16605777720632783,0,2023-09-01
0.09865853577059201,0,2023-08-01
0.12434186878282168,0,2023-09-01
0.06854024669783824,0,2023-10-01
0.15037052671929665,0,2023-07-01
0.46847496687254236,0,2023-10-01
0.30823175089477217,0,2023-11-01
0.13911791342781513,0,2023-09-01
0.22844969232117526,0,2023-11-01
0.5258866457777917,1,2023-08-01
0.10827584815866835,0,2023-10-01
0.26175980469569604,0,2023-09-01
0.2893543142391371,0,2023-11-01
0.37039353942063136,1,2023-10-01
0.3559789920049547,0,2023-08-01
0.42242957403904735,0,2023-11-01
0.1270162678774584,0,2023-11-01
0.13475085225944888,0,2023-07-01
0.1352670888130476,0,2023-07-01
0.30947857739328005,0,2023-11-01
0.06759435924066896,0,2023-11-01
0.2404329927530447,0,2023-10-01
0.4077843543681582,1,2023-09-01
0.22703683710526126,0,2023-09-01
0.27801004536437746,0,2023-11-01
0.465749748851909,0,2023-08-01
0.17045002348010332,0,2023-08-01
0.28619304317534283,0,2023-11-01
0.12539354930499094,0,2023-07-01
0.6037280967418807,1,2023-09-01
0.468472921057034,0,2023-07-01
0.6843020495825822,1,2023-10-01
0.1787331321600849,0,2023-11-01
0.11573023892879199,0,2023-07-01
0.08432198522795888,0,2023-08-01
0.31196889642189013,1,2023-07-01
0.3225009110338532,0,2023-07-01
0.1343818502072394,0,2023-10-01
0.4056016762712165,1,2023-08-01
0.16842364095201084,1,2023-08-01
0.12046327698530938,0,2023-07-01
0.1234579491321672,0,2023-08-01
0.40729217423480124,0,2023-11-01
0.12541197124362827,0,2023-07-01
0.2947010765057215,1,2023-10-01
0.5446170556854847,1,2023-07-01
0.11089152793789048,0,2023-08-01
0.24482994217144854,0,2023-10-01
0.32852138408609766,0,2023-10-01
0.1267919980780045,0,2023-08-01
0.34110710904639363,0,2023-07-01
0.327363523510096,1,2023-07-01
0.638325939519475,1,2023-08-01
0.09514441724097146,0,2023-07-01
0.20884487878730854,0,2023-08-01
0.1267971198570516,0,2023-11-01
0.2325091459094058,0,2023-11-01
0.465083500373414,1,2023-09-01
0.48536273207218233,1,2023-07-01
0.17151902819281103,0,2023-09-01
0.40807163282708225,0,2023-10-01
0.2531654546458907,1,2023-09-01
0.14524904111137962,0,2023-10-01
0.6618435368103829,1,2023-11-01
0.17057967890120307,0,2023-08-01
0.6619072568169145,1,2023-08-01
0.5476049290222501,1,2023-07-01
0.2637546023154854,0,2023-10-01
0.2862262970657147,0,2023-08-01
0.3599441809517385,1,2023-08-01
0.11639278667410737,0,2023-07-01
0.3472859881110512,0,2023-10-01
0.4681197259549269,0,2023-10-01
0.3973524793354289,0,2023-11-01
0.26893281876532,1,2023-08-01
0.21213028308302737,0,2023-07-01
0.5106697539933687,0,2023-10-01
0.194886287352346,0,2023-07-01
0.07632936696863875,0,2023-09-01
0.13903139106383067,0,2023-07-01
0.21789104199825832,0,2023-09-01
0.2095141489786878,1,2023-08-01
0.39199828567547407,1,2023-08-01
0.5616357906410507,1,2023-07-01
0.09317219573243533,0,2023-09-01
0.15779392320519536,0,2023-08-01
0.304690039392714,0,2023-07-01
0.373770319647577,1,2023-08-01
0.09462473490469858,0,2023-10-01
0.29976860519578336,1,2023-09-01
0.23736482663705402,0,2023-10-01
0.25942555505276005,0,2023-11-01
0.14978199512566392,0,2023-11-01
0.4518574712011512,1,2023-10-01
0.49336931054852573,0,2023-08-01
0.15977970848079234,0,2023-09-01
0.19320993811752218,0,2023-11-01
0.3603224834008495,1,2023-10-01
0.3831740687983607,1,2023-09-01
0.20495750497259718,0,2023-10-01
0.1518609628627055,1,2023-07-01
0.6548952324621788,1,2023-08-01
0.42415031633467426,1,2023-10-01
0.4183167831570586,0,2023-11-01
0.5515196211218245,0,2023-11-01
0.3377073795828299,0,2023-10-01
0.3841181274633919,1,2023-07-01
0.21120250390147757,0,2023-09-01
0.20779277663761525,1,2023-09-01
0.1806525069883201,0,2023-10-01
0.1435855039877425,1,2023-08-01
0.09374401923679085,0,2023-10-01
0.10510294690480929,0,2023-08-01
0.11201476638992655,0,2023-07-01
0.19901918383677916,0,2023-10-01
0.1491316614956976,0,2023-08-01
0.41761202814488446,1,2023-11-01
0.6749032979480155,1,2023-09-01
0.4266227704097386,1,2023-08-01
0.2718476654359889,0,2023-10-01
0.19168095244441383,0,2023-09-01
0.24969863033562253,0,2023-10-01
0.22864822876948884,0,2023-07-01
0.31461536349987684,0,2023-10-01
0.1724855057893804,0,2023-09-01
0.31142896559570665,1,2023-07-01
0.2825811337287939,0,2023-10-01
0.13402572932392567,0,2023-07-01
0.13195774666342341,0,2023-09-01
0.45460681211960513,1,2023-11-01
0.27347703942361634,0,2023-07-01
0.287836107677732,0,2023-09-01
0.2689442054475294,0,2023-11-01
0.1745187687403474,0,2023-07-01
0.48825218932644515,1,2023-08-01
0.12887915625654134,0,2023-08-01
0.33596568090950685,1,2023-10-01
0.21548157735984905,1,2023-09-01
0.21736559569106734,0,2023-07-01
0.49609478860856204,1,2023-09-01
0.1163720914354553,0,2023-11-01
0.6165554455881928,1,2023-11-01
0.25773497900080067,0,2023-10-01
0.698611598298935,1,2023-10-01
0.3184383445465284,0,2023-07-01
0.14466805073150715,0,2023-10-01
0.1856733521497071,0,2023-11-01
0.6889881801912473,1,2023-11-01
0.19970685728298415,1,2023-08-01
0.10475337262739008,0,2023-10-01
0.22458360877477662,0,2023-11-01
0.15560398698983957,0,2023-11-01
0.27061201514098104,1,2023-10-01
0.1672649984945297,0,2023-07-01
0.10997190656474391,0,2023-08-01
0.6248840387716308,1,2023-10-01
0.18483819888781033,0,2023-10-01
0.4898374732094956,1,2023-08-01
0.1333148058156767,0,2023-08-01
0.23976471909658972,1,2023-10-01
0.18995477754920595,0,2023-09-01
0.5266107047993188,1,2023-11-01
0.20015609745402388,0,2023-10-01
0.28965163454918214,0,2023-08-01
0.3006864035978237,1,2023-07-01
0.3698321478488317,0,2023-11-01
0.1837192821206648,1,2023-09-01
0.10295573666135445,0,2023-07-01
0.2704571087620101,1,2023-07-01
0.5837384209812757,1,2023-07-01
0.23741946576998504,0,2023-07-01
0.4139053178131115,0,2023-08-01
0.11571876606885628,0,2023-07-01
0.10707135992583994,0,2023-08-01
0.6985649045616417,1,2023-07-01
0.08415268722344692,0,2023-08-01
0.4091251841153742,0,2023-11-01
0.7038696528401244,1,2023-10-01
0.528388153876671,1,2023-08-01
0.22993097798589837,0,2023-07-01
0.4043028642039351,0,2023-09-01
0.4330121237178599,0,2023-08-01
0.17390023459026507,0,2023-09-01
0.21974481922674444,0,2023-07-01
0.657248437187667,1,2023-10-01
0.25022449791766127,0,2023-07-01
0.2525611827934271,0,2023-11-01
0.1004235275247554,0,2023-07-01
0.24077932235185157,0,2023-07-01
0.5534090212506467,1,2023-09-01
0.18453566728112766,0,2023-07-01
0.4873996442751713,1,2023-07-01
0.32254258821706766,1,2023-09-01
0.31213328695223536,1,2023-10-01
0.40974044512623137,0,2023-10-01
0.14498178170139514,0,2023-08-01
0.0972298102540375,1,2023-09-01
0.1597503557081276,0,2023-10-01
0.4281567539389841,0,2023-10-01
0.17789740648020824,0,2023-10-01
0.5388399543336309,0,2023-11-01
0.14774298716715548,0,2023-07-01
0.18960518344557642,0,2023-07-01
0.12525514066497706,0,2023-07-01
0.20382759741332018,0,2023-08-01
0.371002735809383,0,2023-10-01
0.31395219641164185,0,2023-11-01
0.46198888262490573,1,2023-09-01
0.053779696971303755,0,2023-08-01
0.19667488087009682,1,2023-11-01
0.20124151720025413,0,2023-08-01
0.15785753796653806,0,2023-09-01
0.557185404862034,1,2023-10-01
0.12496090000619059,0,2023-09-01
0.11144180251315249,0,2023-09-01
0.15817055070083494,0,2023-11-01
0.2336339743363449,0,2023-07-01
0.3553103690080427,1,2023-11-01
0.25981027046458616,0,2023-07-01
0.5852073064965694,0,2023-08-01
0.1890660552038412,0,2023-10-01
0.1988182573944559,0,2023-11-01
0.25406868149173206,0,2023-07-01
0.5079842676673724,1,2023-10-01
0.15031752355377254,0,2023-10-01
0.13671729162689242,0,2023-07-01
0.35058911392539654,0,2023-10-01
0.1904304374187286,0,2023-10-01
0.183594006917972,0,2023-09-01
0.12923086980355902,0,2023-10-01
0.45643975970105694,0,2023-08-01
0.45865922142316196,0,2023-09-01
0.37956322331549075,1,2023-11-01
0.4629820763512014,1,2023-08-01
0.20649892579235435,0,2023-07-01
0.5856840231325707,0,2023-10-01
0.1914546146320571,1,2023-07-01
0.3832249332904058,0,2023-10-01
0.10004471476473237,0,2023-07-01
0.6452087009937203,1,2023-07-01
0.07602513553485232,1,2023-09-01
0.20777742872065647,0,2023-07-01
0.16415772916594917,1,2023-10-01
0.21195195807081368,1,2023-08-01
0.2875498432475471,0,2023-07-01
0.37275989926076797,0,2023-11-01
0.143907156703066,0,2023-11-01
0.33360993191147664,0,2023-11-01
0.21917092297909183,0,2023-10-01
0.4554413685507542,0,2023-09-01
0.5327254334203592,1,2023-07-01
0.24271047532558176,0,2023-07-01
0.38583458981598634,0,2023-08-01
0.520677494004369,1,2023-08-01
0.11742954821292945,0,2023-07-01
0.41129151636676825,0,2023-07-01
0.5100376223562855,1,2023-10-01
0.19063107471977414,0,2023-11-01
0.1958700812930537,1,2023-08-01
0.37229520638937386,0,2023-08-01
0.29488908586457685,0,2023-08-01
0.5613558642221863,0,2023-10-01
0.20627783049533463,1,2023-08-01
0.362399412662644,0,2023-11-01
0.1462173817521171,0,2023-07-01
0.08401443975774234,0,2023-07-01
0.1378396883395897,0,2023-09-01
0.6122210389481559,1,2023-07-01
0.22126114568819324,0,2023-10-01
0.1806215450368667,0,2023-08-01
0.4519302935925165,0,2023-09-01
0.30089575887178444,0,2023-10-01
0.14540871610519063,0,2023-07-01
0.3069410096490632,0,2023-10-01
0.28665197245886137,1,2023-08-01
0.23590016376641113,0,2023-08-01
0.2842094291516005,0,2023-11-01
0.5962765466845825,0,2023-10-01
0.051628809027912656,0,2023-11-01
0.31039582718745196,0,2023-07-01
0.17981054423361123,1,2023-07-01
0.10804687736768946,0,2023-07-01
0.10350079649667893,1,2023-08-01
0.36941641254166113,1,2023-10-01
0.1641404146195945,0,2023-10-01
0.39429154291155305,0,2023-09-01
0.1533951194432996,0,2023-08-01
0.16615339873004253,0,2023-09-01
0.15443561080247137,0,2023-11-01
0.16895186157105693,0,2023-11-01
0.32290366106877694,0,2023-11-01
0.22907580884256068,0,2023-10-01
0.34115952741625416,1,2023-08-01
0.16464676490646304,1,2023-11-01
0.2918864422067973,1,2023-08-01
0.5575981318254114,1,2023-07-01
0.14167177872587366,0,2023-07-01
0.2647882784431992,0,2023-11-01
0.22747465882296516,1,2023-07-01
0.1655733887021669,0,2023-09-01
0.4003727885735364,0,2023-10-01
0.12386699038219208,0,2023-07-01
0.33112763811361656,1,2023-07-01
0.495931825698002,1,2023-08-01
0.5941901573913201,1,2023-07-01
0.31502484777941425,0,2023-11-01
0.3859890036591231,1,2023-10-01
0.6733503454954433,0,2023-11-01
0.33845333514273485,1,2023-07-01
0.1724479475254743,0,2023-10-01
0.1368835284213691,0,2023-07-01
0.18465971714473575,0,2023-11-01
0.23887285928212187,1,2023-11-01
0.2684772132543452,0,2023-11-01
0.21059568441761872,0,2023-07-01
0.5713753861657662,1,2023-09-01
0.16778714028777317,0,2023-10-01
0.2841838735757762,0,2023-08-01
0.46873493610846534,0,2023-11-01
0.06591220639057678,0,2023-11-01
0.2868530675941924,0,2023-07-01
0.27722012057133555,0,2023-10-01
0.09892379202408007,0,2023-07-01
0.4143277980468584,1,2023-09-01
0.30059273605997133,0,2023-09-01
0.16325651842793065,0,2023-10-01
0.5096481503048423,0,2023-07-01
0.25147498891939635,1,2023-09-01
0.18861888175039954,0,2023-11-01
0.18370647211508698,0,2023-08-01
0.08177770932991175,0,2023-10-01
0.2227075989263772,0,2023-11-01
0.3942411217787683,0,2023-09-01
0.1513464610451484,0,2023-09-01
0.7339933385651534,1,2023-08-01
0.1412371750890726,0,2023-10-01
0.3492893512111758,1,2023-10-01
0.17506224362135145,0,2023-10-01
0.545521077144995,1,2023-10-01
0.23415420071427145,0,2023-07-01
0.2746523664299801,0,2023-07-01
0.22007319578212486,0,2023-08-01
0.6043966218085502,0,2023-07-01
0.13705702123711866,0,2023-07-01
0.43585243497691156,1,2023-11-01
0.06521420009588377,0,2023-11-01
0.14211488621695872,0,2023-07-01
0.3012374009690924,0,2023-10-01
0.09298203663390019,0,2023-11-01
0.246729364701582,0,2023-08-01
0.10941931892352942,0,2023-08-01
0.30637819989441145,0,2023-08-01
0.20457799088796808,0,2023-10-01
0.2799267184730894,0,2023-09-01
0.34030079770185445,0,2023-07-01
0.16674107616397082,0,2023-09-01
0.4737702073227245,1,2023-08-01
0.11538598318045476,0,2023-11-01
0.20196037863228447,0,2023-07-01
0.3433439298999764,0,2023-09-01
0.17420287483284214,0,2023-07-01
0.6306503668059131,0,2023-07-01
0.5512330816667229,0,2023-09-01
0.5237427786047425,1,2023-07-01
0.44589855502627707,1,2023-10-01
0.15646173248913106,0,2023-11-01
0.050208517692757526,0,2023-09-01
0.22084470529337363,0,2023-11-01
0.38631975283807046,0,2023-11-01
0.15152659671250687,0,2023-09-01
0.26177930039667774,1,2023-09-01
0.19120710329308988,0,2023-11-01
0.11826642745380647,0,2023-11-01
0.053759001022450854,0,2023-07-01
0.3961465308571135,1,2023-07-01
0.10530366865335487,0,2023-10-01
0.1475442171304568,0,2023-10-01
0.19419981508140108,0,2023-08-01
0.5808480109502762,1,2023-07-01
0.211254448394686,0,2023-08-01
0.5859820035562154,1,2023-10-01
0.28981771328410605,0,2023-07-01
0.24060949015080643,0,2023-09-01
0.3316385212410399,1,2023-11-01
0.2558727020900299,0,2023-10-01
0.5951678205984722,1,2023-08-01
0.20421262587057573,0,2023-08-01
0.47686278224171097,1,2023-08-01
0.10734358716138195,0,2023-10-01
0.4127771156224088,0,2023-07-01
0.17302599713893238,0,2023-10-01
0.2759362362479597,0,2023-11-01
0.2893579904839958,1,2023-09-01
0.20320946726358075,0,2023-09-01
0.5318285605963868,1,2023-08-01
0.2106159525835226,0,2023-07-01
0.39967130189919786,0,2023-10-01
0.23232708293153115,0,2023-10-01
0.30628336866370703,0,2023-08-01
0.19365172425822466,0,2023-07-01
0.13526718500110876,0,2023-08-01
0.25970642821158574,0,2023-08-01
0.23150616159456738,0,2023-08-01
0.10180142613314434,0,2023-09-01
0.49899004313891826,1,2023-09-01
0.6080253331025821,0,2023-08-01
0.35532278077133594,0,2023-10-01
0.22233946401053942,0,2023-11-01
0.18673621514402153,0,2023-11-01
0.1260201676880439,1,2023-09-01
0.07738243705577644,0,2023-09-01
0.13945738786572615,0,2023-09-01
0.12006354853143573,0,2023-07-01
0.3336955068544535,0,2023-08-01
0.23788347480523697,0,2023-09-01
0.0607795061686864,0,2023-11-01
0.309115668889607,0,2023-07-01
0.13373627229134583,0,2023-08-01
0.22624960190352428,0,2023-08-01
0.2732543459606617,0,2023-08-01
0.18141818350130676,0,2023-09-01
0.2071077184683428,0,2023-09-01
0.28174791685471734,0,2023-08-01
0.25647343708162906,0,2023-10-01
0.5836732837304311,1,2023-07-01
0.39387698024947265,1,2023-08-01
0.5338819584603278,1,2023-11-01
0.49857967895291383,1,2023-10-01
0.17989576232556018,1,2023-11-01
0.2673829087553534,1,2023-09-01
0.6259142867713073,1,2023-09-01
0.19561320305479088,0,2023-11-01
0.6269641861906629,0,2023-11-01
0.446951461072719,1,2023-10-01
0.32619984748395187,0,2023-09-01
0.47219093000445767,1,2023-09-01
0.1657628092951184,1,2023-11-01
0.7661666984549295,1,2023-09-01
0.09746765316883635,0,2023-09-01
0.5210219316853291,1,2023-10-01
0.14078317580522282,0,2023-11-01
0.21255402400588386,0,2023-09-01
0.19898119006045664,0,2023-10-01
0.39448495165043307,1,2023-09-01
0.14090162453249191,0,2023-11-01
0.2735874932352229,0,2023-11-01
0.5414419779880488,0,2023-09-01
0.14817439745055902,0,2023-08-01
0.12184714876407934,0,2023-07-01
0.14538874002584656,0,2023-09-01
0.4988361845076274,1,2023-08-01
0.17075918387025463,0,2023-10-01
0.20530887162826866,0,2023-11-01
0.40424971253492864,0,2023-08-01
0.3483366808113817,1,2023-11-01
0.17215686432847863,0,2023-07-01
0.26870718914094777,0,2023-09-01
0.4459112054977227,0,2023-08-01
0.36155645361708055,1,2023-08-01
0.46390446074559333,0,2023-08-01
